segment_id,segment_length,cumulative_length,segment_elev_change,segment_time,cumulative_time,segment_energy,cumulative_energy
1,24.003761976552596,24.003761976552596,0.0,6.94823139507511,6.94823139507511,33377.09335626183,33377.09335626183
2,70.25339471141035,94.25715668796295,3.0,11.395010800772772,18.343242195847882,125937.79791678468,159314.8912730465
3,234.2765140206482,328.5336707086111,3.0,27.672186941969343,46.01542913781722,234844.60029526267,394159.49156830914
4,420.34837153403583,748.882042242647,-6.0,44.437143560247144,90.45257269806436,220885.53666737047,615045.0282356796
5,859.8102818869171,1608.692324129564,5.0,83.50642515878961,173.95899785685395,576509.6529064267,1191554.6811421062
6,1161.210186018031,2769.902510147595,-16.0,110.60790678675104,284.56690464360497,457592.9980110074,1649147.6791531136
7,300.45465480481136,3070.3571649524065,-9.0,32.081273246170724,316.6481778897757,128512.32035854916,1777659.9995116629
8,72.18234607317758,3142.539511025584,0.0,13.180614309033883,329.8287921988096,107387.47052105301,1885047.470032716
9,163.81980418574372,3306.3593152113276,1.0,21.296167429754846,351.12495962856445,176283.15565643145,2061330.6256891475
