segment_id,segment_length,cumulative_length,segment_elev_change,segment_time,cumulative_time,segment_energy,cumulative_energy
1,24.48329411351092,24.48329411351092,0.0,9.079808477684551,9.079808477684551,21636.34123312091,21636.34123312091
2,69.51151896835957,93.99481308187049,3.0,16.011637378528473,25.091445856213024,83747.13994703763,105383.48118015855
3,234.59934954642796,328.5941626282985,3.0,30.989043216579557,56.08048907279258,204657.6289876515,310041.11016781005
4,438.5384563390209,767.1326189673193,1.0,50.75985919314723,106.84034826593981,287887.29978817014,597928.4099559803
5,876.3280017233162,1643.4606206906356,-20.0,90.29202297745172,197.13237124339153,249213.72232985662,847142.1322858369
6,1174.5426023515422,2818.0032230421775,-10.0,115.12021702653513,312.25258826992666,518336.77435922314,1365478.90664506
7,336.61789700460855,3154.621120046786,3.0,41.930223744839566,354.1828120147662,258180.79128719305,1623659.6979322531
8,96.66555217810568,3251.286672224892,0.0,19.513565236025613,373.69637725079184,87468.11971172378,1711127.817643977
9,163.62070998934294,3414.907382214235,1.0,26.636399573720126,400.33277682451194,147638.3903427144,1858766.2079866915
