segment_id,segment_length,cumulative_length,segment_elev_change,segment_time,cumulative_time,segment_energy,cumulative_energy
1,24.003761976552596,24.003761976552596,0.0,9.699999999999982,9.699999999999982,223475.0514609376,223475.0514609376
2,70.25339471141035,94.25715668796295,3.0,15.99999999999996,25.69999999999994,859826.1334833914,1083301.1849443289
3,234.2765140206482,328.5336707086111,3.0,31.300000000000175,57.000000000000114,2019562.348225959,3102863.533170288
4,420.34837153403583,748.882042242647,-6.0,48.10000000000041,105.10000000000053,1978435.0954286964,5081298.628598984
5,859.8102818869171,1608.692324129564,5.0,86.79999999999934,191.89999999999986,5469856.237321661,10551154.865920644
6,1161.210186018031,2769.902510147595,-16.0,114.89999999999775,306.7999999999976,4340345.8049237365,14891500.67084438
7,300.45465480481136,3070.3571649524065,-9.0,37.50000000000026,344.2999999999979,1108430.6058483508,15999931.276692731
8,72.18234607317758,3142.539511025584,0.0,16.599999999999966,360.8999999999979,673973.7161709369,16673904.992863668
9,163.81980418574372,3306.3593152113276,1.0,24.900000000000084,385.79999999999797,1458301.0608606935,18132206.053724363
