segment_id,segment_length,cumulative_length,segment_elev_change,segment_time,cumulative_time,segment_energy,cumulative_energy
1,24.003761976552596,24.003761976552596,0.0,9.699999999999982,9.699999999999982,22347.50514609376,22347.50514609376
2,70.25339471141035,94.25715668796295,3.0,15.99999999999996,25.69999999999994,85982.61334833912,108330.11849443289
3,234.2765140206482,328.5336707086111,3.0,31.300000000000175,57.000000000000114,201956.2348225942,310286.3533170271
4,420.34837153403583,748.882042242647,-6.0,48.10000000000041,105.10000000000053,197843.50954287013,508129.8628598972
5,859.8102818869171,1608.692324129564,5.0,86.79999999999934,191.89999999999986,546985.6237321872,1055115.4865920844
6,1161.210186018031,2769.902510147595,-16.0,114.89999999999775,306.7999999999976,434034.58049236407,1489150.0670844484
7,300.45465480481136,3070.3571649524065,-9.0,37.50000000000026,344.2999999999979,110843.06058483632,1599993.1276692848
8,72.18234607317758,3142.539511025584,0.0,16.599999999999966,360.8999999999979,67397.3716170937,1667390.4992863785
9,163.81980418574372,3306.3593152113276,1.0,24.900000000000084,385.79999999999797,145830.10608606975,1813220.6053724482
