segment_id,segment_length,cumulative_length,segment_elev_change,segment_time,cumulative_time,segment_energy,cumulative_energy
1,24.48329411351092,24.48329411351092,0.0,8.999999999999984,8.999999999999984,23264.81411484376,23264.81411484376
2,69.51151896835957,93.99481308187049,3.0,15.399999999999961,24.399999999999945,86197.69315591268,109462.50727075644
3,234.59934954642796,328.5941626282985,3.0,31.70000000000018,56.10000000000012,201915.91408644448,311378.42135720095
4,438.5384563390209,767.1326189673193,1.0,48.900000000000425,105.00000000000054,287107.8588038957,598486.2801610967
5,876.3280017233162,1643.4606206906356,-20.0,88.89999999999922,193.89999999999975,246778.8979191179,845265.1780802147
6,1174.5426023515422,2818.0032230421775,-10.0,115.89999999999769,309.79999999999745,515751.62344038486,1361016.8015205995
7,336.61789700460855,3154.621120046786,3.0,40.3000000000003,350.09999999999775,256623.38336055874,1617640.1848811582
8,96.66555217810568,3251.286672224892,0.0,18.19999999999999,368.29999999999774,91796.32470937491,1709436.509590533
9,163.62070998934294,3414.907382214235,1.0,24.300000000000075,392.5999999999978,146973.33193250652,1856409.8415230396
