segment_number,start_latitude,start_longitude,start_elevation,end_latitude,end_longitude,end_elevation,segment_length,segment_elev_change
1,52.03682885378026,-0.748874992902249,99.0,52.03696039826993,-0.7485879600259188,99.0,24.48329411351092,0.0
2,52.03696039826993,-0.7485879600259188,99.0,52.03731534509585,-0.7477514363953356,102.0,69.51151896835957,3.0
3,52.03731534509585,-0.7477514363953356,102.0,52.039033479333526,-0.7497419352901065,105.0,234.59934954642796,3.0
4,52.039033479333526,-0.7497419352901065,105.0,52.04162167895931,-0.744904227328289,106.0,438.5384563390209,1.0
5,52.04162167895931,-0.744904227328289,106.0,52.0359423272533,-0.736020967069311,86.0,876.3280017233162,-20.0
6,52.0359423272533,-0.736020967069311,86.0,52.02576089904976,-0.7314480136240742,76.0,1174.5426023515422,-10.0
7,52.02576089904976,-0.7314480136240742,76.0,52.02402518819584,-0.7354789526555738,79.0,336.61789700460855,3.0
8,52.02402518819584,-0.7354789526555738,79.0,52.02452661667419,-0.7366330451410548,79.0,96.66555217810568,0.0
9,52.02452661667419,-0.7366330451410548,79.0,52.025804360406454,-0.7354469971517641,80.0,163.62070998934294,1.0
